ID,Full Name,Gender,Region,Operating System,Age
1,Oralle Forster,Female,Africa,android,33
2,Doretta Goomes,Female,Caribbean,android,85
3,Floris Laundon,Female,Asia,android,31
4,Marta Wimmers,Female,Oceania,iOS,44
5,Elliot Bennet,Male,Asia,android,10
6,Darn Ailward,Male,Europe,android,32
7,Adriaens Middlemiss,Female,Oceania,iOS,14
8,Pip Charlin,Male,North America,android,61
9,Kissie Rennocks,Female,North America,android,29
10,Jamesy Jancic,Male,Asia,android,70
11,Bartlet McTiernan,Male,South America,iOS,90
12,Dougy Roscamps,Male,Asia,android,54
13,Teddie La Torre,Female,Oceania,iOS,71
14,Jonah Lanegran,Male,Asia,android,65
15,Dianne Dunford,Female,Central America,android,54
16,Paulita Burhill,Female,South America,android,87
17,Lianne Nears,Female,Africa,iOS,96
18,Harwell Pestricke,Male,South America,android,6
19,Elmer Branni,Male,Africa,iOS,99
20,Kendell Burgwin,Male,South America,android,56
21,Burr Loseke,Male,Africa,iOS,97
22,Justinian Portugal,Male,Central America,iOS,96
23,Allegra Foker,Female,Asia,iOS,23
24,Joshuah Holstein,Male,South America,android,39
25,Deerdre Strangwood,Female,Europe,iOS,47
26,Lea Clail,Female,Europe,iOS,73
27,Brett Spurling,Female,South America,android,32
28,Melesa Bryce,Female,Central America,android,49
29,Damaris Lawson,Female,Europe,iOS,94
30,Jessey Serjent,Male,Oceania,android,58
31,Had Marcu,Male,South America,iOS,96
32,Corri Antcliff,Female,Caribbean,android,62
33,Dwain Legon,Male,Caribbean,iOS,68
34,Gracie McAdam,Female,North America,android,54
35,Pall Wilsdon,Male,Europe,android,55
36,Betsey Chestnutt,Female,Asia,android,38
37,Merrill Thwaites,Male,Central America,android,46
38,Che Singh,Male,Oceania,iOS,69
39,Liza Oliphand,Female,South America,android,28
40,Malcolm Olliar,Male,Caribbean,iOS,5
41,Ty Wishart,Male,Central America,android,82
42,Verene Bartocci,Female,South America,android,24
43,Sibilla Maynard,Female,South America,iOS,20
44,Teressa Tieraney,Female,Africa,android,6
45,Marin Meeus,Female,Asia,iOS,65
46,Vick Bitterton,Male,Caribbean,android,54
47,Conroy Bahde,Male,Asia,iOS,99
48,Margette Sorbey,Female,Caribbean,iOS,55
49,Dallis Demcak,Male,Caribbean,iOS,19
50,Ruddy Aleksidze,Male,Asia,iOS,45
51,Rusty Thorneloe,Male,Oceania,android,36
52,George Villiers,Female,South America,iOS,92
53,Peta Guys,Female,Asia,iOS,24
54,Marcile Addess,Female,Asia,android,81
55,Shanna Gosneye,Female,Central America,android,30
56,Ewell Smalls,Male,Caribbean,iOS,26
57,Alvan Heinish,Male,Asia,android,7
58,Larine Hencke,Female,South America,android,73
59,Terza Hayhoe,Female,Caribbean,iOS,58
60,Yves Fray,Male,Europe,android,100
61,Kimberli Grevel,Female,South America,android,21
62,Mei Chanson,Female,Asia,android,25
63,Aurel Geroldo,Female,Asia,iOS,59
64,Emmey Smitherham,Female,South America,android,8
65,Franciskus Bear,Male,South America,android,96
66,Ava Epinay,Female,Africa,iOS,48
67,Garfield Stookes,Male,North America,android,49
68,Basile Hevner,Male,Oceania,iOS,17
69,Bay Wilcher,Male,Oceania,android,76
70,Tom Habron,Male,Africa,android,76
71,Lucian Scough,Male,Caribbean,iOS,41
72,Roarke Rickword,Male,Africa,iOS,71
73,Marsh Arnout,Male,Asia,iOS,12
74,Vanna Drakeford,Female,Europe,android,22
75,Mercy Bessett,Female,Europe,android,68
76,Jehanna Fullstone,Female,Oceania,iOS,84
77,Bobine Thandi,Female,North America,iOS,31
78,Basile Glason,Male,Central America,android,75
79,Shermy Papworth,Male,Africa,iOS,21
80,Caresa Ugolini,Female,Central America,android,97
81,Dena Mohring,Female,South America,iOS,21
82,Corine Murrigan,Female,Africa,iOS,67
83,Andrej Fogarty,Male,South America,android,59
84,Corrine Sennett,Female,Caribbean,android,100
85,Remington McGauhy,Male,Caribbean,android,24
86,Norbert Greatrakes,Male,Asia,iOS,43
87,Julie Emblow,Female,Central America,iOS,18
88,Kristine Snodden,Female,Europe,iOS,1
89,Manolo Coopey,Male,South America,iOS,79
90,Karia Blodg,Female,Africa,iOS,66
91,Jessie Rowlands,Female,Oceania,iOS,25
92,Jodie Hobden,Male,South America,iOS,54
93,Mella Ruxton,Female,Central America,iOS,15
94,Cecelia Plascott,Female,North America,android,55
95,Marshall Yosifov,Male,North America,iOS,46
96,Balduin Haizelden,Male,North America,android,22
97,Celia McCarle,Female,Caribbean,iOS,89
98,Marylou Segge,Female,Oceania,android,18
99,Moises Loftie,Male,Europe,android,79
100,Julius Robottom,Male,Asia,android,76
101,Mylo MacGillicuddy,Male,Asia,android,34
102,Ransell Groom,Male,Asia,android,35
103,Christie Bayles,Female,Oceania,android,67
104,Sonnie Rojas,Female,Africa,iOS,76
105,Davidson Carman,Male,Central America,iOS,55
106,Hortensia Beranek,Female,Asia,android,1
107,Flori de Mendoza,Female,North America,android,40
108,Robinet Bolus,Female,Asia,iOS,28
109,Major Gebuhr,Male,Africa,android,80
110,Lisabeth Bebb,Female,Central America,iOS,93
111,Tad Reap,Male,South America,android,81
112,Isak Haswell,Male,Asia,iOS,55
113,Dasi Leidecker,Female,Central America,android,34
114,Jilli Whewell,Female,Europe,android,100
115,Danika McBoyle,Female,South America,android,62
116,Wynn Miskelly,Female,Asia,iOS,6
117,Christoforo Witherop,Male,Asia,iOS,57
118,Bear Dawkes,Male,Africa,iOS,55
119,Wallie Honig,Female,North America,iOS,71
120,Cad Woodhall,Male,North America,android,42
121,Peyter Greedier,Male,South America,android,70
122,Rustin Angell,Male,South America,iOS,64
123,Ardis Lansdowne,Female,Africa,iOS,79
124,Earl Donaghie,Male,North America,iOS,69
125,Maye Brudenell,Female,Central America,iOS,38
126,Sherie Getley,Female,South America,iOS,60
127,Wolf Newburn,Male,Europe,android,19
128,Ambros Presnall,Male,Caribbean,iOS,76
129,Boony Jancic,Male,Caribbean,android,75
130,Neel Oliff,Male,Africa,iOS,2
131,Nikkie Dmtrovic,Female,Europe,android,80
132,Joceline Litton,Female,Europe,android,79
133,Garrott Yakunkin,Male,Asia,android,43
134,Debor Upham,Female,Europe,iOS,77
135,Kerwin Dionsetti,Male,North America,android,19
136,Stephan Lawerence,Male,Asia,android,76
137,Estell Draaisma,Female,South America,iOS,18
138,Casper Yardley,Male,Caribbean,android,52
139,Tripp De Angelo,Male,Central America,iOS,98
140,Kin Rickards,Male,Europe,android,56
141,Arman Infantino,Male,Oceania,iOS,43
142,Kiri Bucham,Female,Caribbean,iOS,9
143,Tamas Silmon,Male,Africa,android,97
144,Gunilla Bartolomucci,Female,Caribbean,android,28
145,Johny Gibbens,Male,Caribbean,iOS,63
146,Iain Thomassen,Male,Oceania,iOS,22
147,Lulita Langfield,Female,Europe,android,34
148,Armstrong Nuccitelli,Male,North America,iOS,83
149,Imogene Jarratt,Female,Asia,iOS,48
150,Holly Thorogood,Female,Africa,iOS,53
151,Maurita Ros,Female,Europe,android,71
152,Malena Moulster,Female,Oceania,iOS,4
153,Gizela Kealy,Female,South America,iOS,89
154,Sawyer O' Neligan,Male,South America,iOS,46
155,Chadd Ahrenius,Male,Africa,iOS,71
156,Beilul Rollingson,Female,Asia,iOS,58
157,Ab Killick,Male,Central America,android,51
158,Gery Frenzel;,Male,Caribbean,android,52
159,Solomon Roo,Male,Europe,iOS,15
160,Felicle Pyott,Female,Oceania,iOS,33
161,Glori Harvie,Female,Oceania,iOS,12
162,Kenna Mengue,Female,North America,android,1
163,Rafaelita Chesnay,Female,Caribbean,android,35
164,Arch Drewry,Male,Europe,iOS,54
165,Dione Matussov,Female,Europe,iOS,79
166,Jennica Slimmon,Female,Oceania,iOS,75
167,Siffre Engley,Male,Oceania,iOS,61
168,Mady Le Provost,Female,Asia,iOS,92
169,Mercy MacBrearty,Female,North America,iOS,63
170,Sisely Bruce,Female,North America,iOS,36
171,Cass Broxton,Male,Africa,android,50
172,Thor Barley,Male,Europe,android,42
173,Florence Bummfrey,Female,Europe,android,5
174,Mada Ivermee,Female,North America,iOS,78
175,Ryun Thonger,Male,Caribbean,iOS,26
176,Sacha McIlraith,Female,Europe,android,69
177,Noby Huyghe,Male,Central America,android,54
178,Thom Harwell,Male,Europe,android,13
179,Dorey Venny,Male,Central America,android,7
180,Cale Kinleyside,Male,Central America,iOS,92
181,Hugh Pagan,Male,Europe,iOS,90
182,Allie Faich,Male,Europe,iOS,19
183,Marabel Maylard,Female,Central America,android,27
184,Witty Brenston,Male,North America,iOS,8
185,Cordi Mirando,Female,Caribbean,android,5
186,Abie Rowcliffe,Male,Caribbean,iOS,92
187,Lonee Woolmer,Female,Caribbean,android,59
188,Annadiana Tenby,Female,Europe,android,47
189,Cecilla Bean,Female,Oceania,android,60
190,Rufus Hantusch,Male,Europe,iOS,74
191,Christy Kliesl,Female,Central America,iOS,70
192,Jamal Cosgrive,Male,Central America,android,40
193,Marchelle Goodfellow,Female,Central America,android,28
194,Humbert Coffelt,Male,Africa,iOS,88
195,Novelia Fairfoul,Female,Caribbean,android,88
196,Marjory Fowell,Female,Europe,android,31
197,Joshia Tamblingson,Male,Europe,iOS,23
198,Doreen Asquez,Female,Oceania,android,76
199,Codie Clitherow,Male,South America,iOS,24
200,Clare Neachell,Female,Caribbean,iOS,55
201,Sybil Biasotti,Female,Europe,android,88
202,Nealon Conachy,Male,Europe,iOS,54
203,Rodrigo Warbys,Male,North America,iOS,72
204,Louella Fairlamb,Female,Central America,iOS,16
205,Ortensia Playford,Female,Central America,iOS,61
206,Allan Lambillion,Male,South America,iOS,32
207,Ludwig Dovey,Male,Asia,iOS,83
208,Valentijn Klimschak,Male,Oceania,android,18
209,Elfie Hotchkin,Female,Asia,android,28
210,Tine Willey,Female,Caribbean,iOS,17
211,Dael Heningham,Male,Central America,iOS,60
212,Trev Follos,Male,Caribbean,android,47
213,Lynda Narrie,Female,Oceania,iOS,99
214,Mischa Rimmington,Male,Central America,iOS,34
215,Karlene Stedson,Female,North America,iOS,45
216,Patty Kybert,Male,Central America,iOS,55
217,Nedda Lambricht,Female,South America,iOS,24
218,Hube Corrigan,Male,Africa,android,47
219,Wilmer Cowdery,Male,Oceania,iOS,60
220,Karisa Punch,Female,Africa,android,8
221,Quillan Aldrich,Male,Africa,iOS,91
222,Roobbie Trevethan,Female,Oceania,iOS,45
223,Em Garard,Female,Oceania,android,17
224,Veda Barlie,Female,Asia,android,23
225,Fransisco Clotworthy,Male,Central America,iOS,97
226,Denys McGaughay,Male,Oceania,iOS,16
227,Darrelle Dobbinson,Female,Oceania,android,94
228,Gail Garnsey,Male,Africa,android,45
229,Maryrose Peschet,Female,Asia,iOS,49
230,Dick Whitton,Male,South America,iOS,71
231,Briant Rainville,Male,Europe,iOS,63
232,Jillian Canacott,Female,North America,android,38
233,Paola Tift,Female,Caribbean,iOS,56
234,Karlan Wisniowski,Male,Caribbean,android,95
235,Leland Graham,Female,Oceania,android,14
236,Charline Bradshaw,Female,North America,android,46
237,Ekaterina Brownsword,Female,Central America,iOS,48
238,Gun Mc Comb,Male,Central America,android,29
239,Burl Dany,Male,Central America,iOS,68
240,Bil Lindemann,Male,North America,android,49
241,Pandora Frenzl,Female,North America,android,67
242,Gale Powlesland,Female,Caribbean,iOS,64
243,Cilka Chesman,Female,Central America,android,75
244,Jenna Hambatch,Female,Caribbean,android,100
245,Maximilian Dufer,Male,North America,iOS,59
246,Lizzie Korda,Female,Asia,android,47
247,Renelle Hallen,Female,Caribbean,android,19
248,Shane Locock,Male,Africa,android,62
249,Jacquenette Graveson,Female,Caribbean,android,38
250,Brendis Skeel,Male,North America,iOS,31
251,Evey Ruckman,Female,Central America,android,39
252,Binky Boerder,Male,Africa,android,82
253,Alva Turfes,Male,Caribbean,iOS,55
254,Felicio Bednall,Male,Asia,iOS,44
255,Letitia Gue,Female,Oceania,android,67
256,Juana Buckberry,Female,Africa,iOS,19
257,Franklin Jossum,Male,Africa,iOS,66
258,Oona Brammar,Female,Europe,iOS,76
259,Jacquenette Litel,Female,North America,android,10
260,Gerick Karczinski,Male,Europe,iOS,90
261,Reggie Crebbin,Male,North America,android,64
262,Rozina Stickings,Female,North America,iOS,89
263,Meryl Chesterman,Male,Caribbean,iOS,2
264,Mal Duffer,Male,Asia,android,67
265,Pearce Wyllt,Male,Caribbean,iOS,49
266,Alvira Gerhardt,Female,South America,iOS,32
267,Irving Coghill,Male,Africa,iOS,91
268,Nolan Treweke,Male,Central America,android,38
269,Bertine Bricham,Female,Oceania,android,6
270,Isaiah Glyssanne,Male,Africa,iOS,44
271,Hayyim Tavener,Male,South America,android,27
272,Nell Tizzard,Female,Central America,android,86
273,Mallissa Varian,Female,Central America,android,81
274,Karney Assender,Male,Asia,iOS,67
275,Jayson Lambol,Male,Africa,iOS,55
276,Durand Corradeschi,Male,Caribbean,iOS,67
277,Barnard Tocque,Male,Europe,iOS,25
278,Beret McPhelimey,Female,Europe,iOS,21
279,Odey Cunrado,Male,South America,android,34
280,Flore Raecroft,Female,Asia,android,91
281,Karol Ruspine,Female,South America,iOS,18
282,Ofella Seden,Female,North America,android,5
283,Cherianne Spacy,Female,South America,iOS,90
284,Kincaid Walhedd,Male,South America,android,39
285,Anni Wilshaw,Female,Oceania,android,65
286,De Bilbrook,Female,Asia,iOS,90
287,Madelin Cristofalo,Female,Oceania,android,94
288,Catherina Grannell,Female,Caribbean,iOS,78
289,Shirline Visco,Female,Oceania,iOS,96
290,Myrwyn Brehault,Male,Asia,iOS,93
291,Tobiah Asty,Male,South America,android,14
292,Rafaello Bennie,Male,Asia,android,23
293,Damian Bernollet,Male,Caribbean,iOS,27
294,Lela MacKimm,Female,Europe,android,41
295,Edyth Hapgood,Female,Africa,android,64
296,Mill Sloy,Male,Asia,android,84
297,Yankee Decourt,Male,Asia,android,5
298,Goldia Johnes,Female,South America,iOS,87
299,Reece Kleinhandler,Male,South America,iOS,84
300,Auroora Snowball,Female,South America,iOS,65
301,Mathe Govan,Male,Caribbean,iOS,48
302,Felicle Kilty,Female,Africa,android,91
303,Barb Spadeck,Female,Oceania,iOS,3
304,Kirsten Rawcliffe,Female,Central America,iOS,28
305,Marv McKeag,Male,Asia,iOS,18
306,Violette Folini,Female,South America,iOS,52
307,Ree Syrie,Female,Europe,android,20
308,Case McMullen,Male,Caribbean,iOS,62
309,Kaela Krochmann,Female,Asia,android,52
310,Lanae Blaes,Female,Asia,iOS,92
311,Thane Paireman,Male,Central America,android,82
312,Noak Ranscombe,Male,North America,iOS,17
313,Garwood Aguilar,Male,Oceania,iOS,26
314,Tadd Sharratt,Male,Africa,iOS,80
315,Christoper Jallin,Male,Oceania,iOS,35
316,Selene Liverock,Female,Asia,android,84
317,Rebe Barfford,Female,North America,android,37
318,Germaine Raselles,Female,Oceania,iOS,32
319,Pedro Sketh,Male,Africa,android,56
320,Dottie Tweedell,Female,Oceania,android,9
321,Tildy Bourthouloume,Female,Asia,iOS,3
322,Giraud Gyves,Male,Africa,iOS,12
323,Evelin Flea,Male,Asia,iOS,87
324,Calida Cleugh,Female,South America,iOS,67
325,Marcy Carryer,Female,Caribbean,android,66
326,Jere Mell,Female,Asia,iOS,74
327,Chandal Ropartz,Female,Asia,iOS,35
328,Willi Brodeau,Female,Oceania,android,66
329,Palmer Ossulton,Male,South America,android,91
330,Nels Clevely,Male,Caribbean,android,65
331,Flory Shipway,Male,North America,iOS,95
332,Silvano Moggach,Male,Central America,android,9
333,Billy Forster,Male,Africa,android,79
334,Merell Siddle,Male,South America,iOS,74
335,Wallache Mauvin,Male,Asia,iOS,61
336,Tobin Rouch,Male,Central America,android,11
337,Nannette Cardall,Female,South America,iOS,89
338,Stuart Dwane,Male,Caribbean,iOS,65
339,Pepito MacCarlich,Male,South America,iOS,22
340,Marcia Dowley,Female,Africa,iOS,14
341,Lindy Duffy,Male,North America,iOS,4
342,Roze Bellringer,Female,Oceania,iOS,51
343,Carmela Hatwells,Female,Asia,iOS,28
344,Hendrik Bownd,Male,Central America,iOS,3
345,Clayton Maith,Male,South America,android,99
346,Kaine Belhomme,Male,Europe,iOS,35
347,Beatrix Rubinowicz,Female,South America,android,59
348,Charlie Roseburgh,Male,Europe,iOS,99
349,Darin Bartoshevich,Male,South America,android,36
350,Orland Opdenort,Male,Caribbean,iOS,4
351,Doug Saulter,Male,Africa,android,61
352,Haleigh Sodory,Male,North America,iOS,34
353,Frederique Durek,Female,Asia,android,36
354,Benedicta Fudge,Female,Oceania,iOS,36
355,Kinny Keeble,Male,Central America,iOS,30
356,Bearnard Strangward,Male,Caribbean,android,76
357,Arlen Haggleton,Female,Caribbean,iOS,79
358,Courtney Yonge,Male,Caribbean,iOS,41
359,Daniel Smallcombe,Male,Caribbean,iOS,42
360,Darya Hair,Female,Asia,iOS,49
361,Hubey Benoix,Male,Europe,android,24
362,Pearce Isted,Male,Central America,iOS,46
363,Aube Dumphry,Male,Caribbean,iOS,32
364,Elladine Worrell,Female,Central America,android,87
365,Romeo Iglesia,Male,Caribbean,iOS,47
366,Gar Rounce,Male,Africa,android,98
367,Moira Marling,Female,North America,android,67
368,Caty Janowski,Female,Central America,android,22
369,Venita Garroway,Female,Asia,android,37
370,Selina Roycroft,Female,Caribbean,android,45
371,Oona Barritt,Female,Asia,iOS,85
372,Nanete Vickers,Female,Caribbean,iOS,5
373,Jameson Kellegher,Male,North America,iOS,21
374,Clyve Speeks,Male,Central America,iOS,3
375,Noak Tales,Male,Central America,iOS,46
376,Barbette Meaddowcroft,Female,Oceania,android,47
377,Fayina Paffitt,Female,Central America,iOS,24
378,Yoshi Morris,Female,Central America,iOS,90
379,Mignon Carnelley,Female,Central America,iOS,75
380,Weston Nuscha,Male,South America,iOS,65
381,Lazaro Kemmis,Male,Africa,iOS,38
382,Erny Spruce,Male,Caribbean,android,25
383,Isidoro Bounde,Male,Central America,android,16
384,Jervis Riddeough,Male,Africa,iOS,48
385,Derby Paty,Male,Europe,iOS,14
386,Randa Bento,Female,Central America,android,4
387,Kristy Maultby,Female,Africa,android,28
388,Lida Slevin,Female,Europe,android,28
389,Charlot McLennan,Female,Europe,iOS,54
390,Drusy Troyes,Female,Caribbean,iOS,64
391,Asa Strover,Male,Africa,iOS,82
392,Randy Southcott,Male,North America,iOS,58
393,Dody Larraway,Female,Caribbean,iOS,89
394,Antonio Jillitt,Male,South America,iOS,66
395,Parrnell Grubb,Male,North America,iOS,99
396,Hyacinthe Smeall,Female,Asia,iOS,50
397,Randolph Moir,Male,Africa,android,57
398,Nani Rossander,Female,Europe,iOS,57
399,Haley Vannucci,Female,Europe,android,56
400,Jerome Hornig,Male,Oceania,iOS,88
401,Julieta Goulbourne,Female,Europe,iOS,58
402,Arni Rollett,Male,Caribbean,iOS,1
403,Elsinore Barke,Female,Europe,iOS,94
404,Marie-ann Sollett,Female,Europe,android,66
405,Christie Gages,Male,Africa,iOS,79
406,Bertrando Lulham,Male,North America,iOS,77
407,Iain Hentzeler,Male,Central America,android,94
408,Irina Stourton,Female,South America,android,98
409,Karalynn Warner,Female,North America,android,71
410,Dasie Jacques,Female,South America,iOS,19
411,Mason McCard,Male,Central America,android,15
412,Roderich Bambrough,Male,Africa,iOS,66
413,Tomasine Tomaino,Female,South America,iOS,14
414,Giorgi Twaite,Male,Africa,iOS,18
415,Lindie Baroc,Female,Africa,android,86
416,Datha Roggerone,Female,Africa,android,65
417,Helsa Currier,Female,Central America,android,74
418,Aida Birrel,Female,Oceania,iOS,94
419,Tiebout Lusgdin,Male,Asia,iOS,21
420,Bethena Mustin,Female,Asia,android,74
421,Freda Pett,Female,Central America,iOS,68
422,Roda Sagerson,Female,Oceania,iOS,50
423,Thurstan Spelling,Male,South America,android,28
424,Dimitry Scullin,Male,Central America,iOS,19
425,Rachael Siehard,Female,Caribbean,android,68
426,Sanderson Denison,Male,Europe,iOS,41
427,Ambrosio Loram,Male,Asia,iOS,27
428,Justinn Mainds,Female,Central America,android,8
429,Dunc Giacopazzi,Male,Africa,android,66
430,Deb Getcliffe,Female,Central America,iOS,71
431,Henrietta Powrie,Female,Oceania,android,69
432,Katya Sictornes,Female,Oceania,android,75
433,Cynthie Alesi,Female,Caribbean,iOS,84
434,Madge Pottes,Female,Asia,android,24
435,Diannne Castiglioni,Female,South America,iOS,37
436,Bendix Ropars,Male,Africa,iOS,58
437,Luca Finnis,Male,Asia,iOS,68
438,Vina Ronnay,Female,North America,android,11
439,Ronna Stabler,Female,South America,android,5
440,Ilario Seemmonds,Male,North America,android,86
441,Eran Kyffin,Female,South America,iOS,76
442,Cal Nassie,Female,Europe,android,50
443,Jacqueline Berthelet,Female,South America,android,97
444,Miran Archbell,Female,Oceania,iOS,48
445,Nollie Paulou,Female,Central America,android,86
446,Elvira Fowlston,Female,Caribbean,iOS,51
447,Esteban Johnys,Male,South America,iOS,99
448,Goldy Leel,Female,Caribbean,iOS,31
449,Lanie Vatini,Female,Caribbean,iOS,13
450,Ronda Kopman,Female,Africa,iOS,66
451,Barde Wilfinger,Male,Africa,android,60
452,Shaw Sives,Male,Oceania,android,35
453,Brunhilda Gravett,Female,Oceania,android,16
454,Caria Sickamore,Female,Asia,iOS,37
455,Nona Minard,Female,South America,android,2
456,Loren Eayres,Female,Europe,android,41
457,Jake Mollindinia,Male,Caribbean,android,13
458,Marketa Snailham,Female,South America,android,64
459,Rey Wyeld,Male,Africa,iOS,35
460,Riva Cotte,Female,Europe,android,46
461,Caty Gilders,Female,Asia,iOS,55
462,Freddy McFayden,Male,Asia,iOS,20
463,Town Edwick,Male,North America,android,16
464,Natividad Parmeter,Female,Central America,iOS,41
465,Gaylor Begbie,Male,Europe,android,41
466,Winnifred Casebourne,Female,Central America,android,10
467,Lacey Charlet,Female,Oceania,iOS,89
468,Tannie Oddie,Male,Central America,android,18
469,Vinni Keson,Female,Oceania,iOS,90
470,Goldy Owain,Female,Oceania,iOS,7
471,Alberta Philott,Female,North America,android,57
472,Mikol Ren,Male,Asia,android,52
473,Mic Staniforth,Male,Europe,android,41
474,Ashlie Atger,Female,Europe,iOS,50
475,Bradley Emblen,Male,Central America,android,3
476,Etheline Machin,Female,Caribbean,iOS,9
477,Renaldo Vignal,Male,Oceania,iOS,37
478,Lira Mushawe,Female,South America,android,99
479,Fanchon Danielsky,Female,Africa,iOS,50
480,Kirby Kilbourn,Male,Europe,iOS,53
481,Rene Brewins,Female,Oceania,iOS,55
482,Elisabetta Kearley,Female,Asia,android,10
483,Linette Crollman,Female,Central America,android,58
484,Solly Duran,Male,Oceania,iOS,7
485,Danette Andrieu,Female,Africa,android,24
486,Maurice Sugar,Male,Central America,iOS,84
487,Yorgo McGhee,Male,Europe,iOS,66
488,Billie Badman,Male,Central America,android,58
489,Yankee Wenzel,Male,South America,iOS,74
490,Bradly Gerrit,Male,Oceania,android,3
491,Hazel Ryall,Male,North America,iOS,65
492,Trstram Towers,Male,Africa,iOS,41
493,Cally Hornung,Female,Oceania,iOS,42
494,Tarra MacDearmont,Female,North America,android,48
495,Shirlee Djordjevic,Female,Europe,iOS,88
496,Shannon Knellen,Female,North America,iOS,35
497,Llewellyn Sumpton,Male,Caribbean,android,59
498,Patrica Rottery,Female,Central America,android,28
499,Patin Crannach,Male,Oceania,android,3
500,Reilly Dorre,Male,Asia,iOS,81
501,Sumner Kirk,Male,Central America,iOS,35
502,Arabele Bye,Female,Europe,iOS,81
503,Florette Hagyard,Female,Europe,android,86
504,Sylvester Downer,Male,South America,android,73
505,Carita Landis,Female,Europe,iOS,92
506,Hunfredo Donwell,Male,Africa,android,36
507,Siffre Kingcote,Male,Africa,iOS,71
508,Minnaminnie Ewert,Female,Caribbean,iOS,16
509,Ruddie Purvis,Male,North America,android,70
510,Cherise Gibbings,Female,Central America,iOS,60
511,Seamus Trahear,Male,Oceania,iOS,81
512,Milo Pawson,Male,Central America,android,73
513,Kristofor Hinrich,Male,Central America,iOS,35
514,Rodolphe Wantling,Male,Caribbean,android,95
515,Marlena Belk,Female,Europe,android,78
516,Regan Gonsalvez,Female,Europe,android,67
517,Stacia Hallas,Female,Central America,iOS,41
518,Abby Markel,Male,Europe,iOS,5
519,Elwood Sonner,Male,North America,iOS,53
520,Ikey Van Bruggen,Male,Europe,android,2
521,Gauthier Cops,Male,Caribbean,iOS,32
522,Bayard Kenelin,Male,Europe,android,94
523,Catina Gadie,Female,Central America,iOS,7
524,Leonardo Ciubutaro,Male,Europe,iOS,19
525,Uta McRoberts,Female,North America,android,70
526,Bald Yesichev,Male,North America,iOS,79
527,Debor Barta,Female,Caribbean,iOS,14
528,Eberto Attree,Male,Oceania,iOS,6
529,Rochell Martina,Female,South America,iOS,24
530,Collete Dack,Female,Africa,iOS,71
531,Toby Baird,Male,Asia,android,67
532,Birk Cheel,Male,North America,iOS,22
533,Nigel Bumpus,Male,Oceania,android,13
534,Devonne Haygreen,Female,Asia,iOS,22
535,Carissa Izen,Female,Caribbean,android,65
536,Michale Panks,Male,Central America,iOS,4
537,Octavia Petyanin,Female,South America,iOS,46
538,Hobard Kadwallider,Male,South America,android,100
539,Brnaby Ludye,Male,South America,iOS,48
540,Benton Quarton,Male,Oceania,iOS,71
541,Carlynn Free,Female,South America,android,18
542,Roobbie Scardifeild,Female,Caribbean,android,97
543,Carmelle Batchan,Female,Caribbean,iOS,74
544,Enid Bachelor,Female,Africa,iOS,70
545,Faustine Trevain,Female,Africa,android,43
546,Grover Janousek,Male,Oceania,android,37
547,Rania Staneland,Female,Central America,iOS,87
548,Garrard Greatrex,Male,South America,iOS,17
549,Constance Coping,Female,Europe,iOS,81
550,Victor Stooke,Male,Oceania,iOS,57
551,Genia Decruse,Female,Oceania,iOS,15
552,Ryan Neames,Male,South America,android,62
553,Welch Lattey,Male,South America,iOS,56
554,Heather Antonucci,Female,Asia,android,56
555,Gerianne Reyburn,Female,Africa,iOS,50
556,Raffarty Leroy,Male,Oceania,iOS,87
557,Fawnia Olanda,Female,Asia,android,23
558,Haydon Kintzel,Male,Asia,android,89
559,Dorothea Girdler,Female,Caribbean,iOS,18
560,Daisi Noor,Female,Africa,android,89
561,Wilhelmine Nehl,Female,Oceania,android,66
562,Chad Piscotti,Male,Asia,iOS,83
563,Toinette Macrow,Female,Africa,android,64
564,Moina Dawidowitz,Female,South America,android,67
565,Dannie Philippart,Male,Central America,iOS,85
566,Jolynn Sommerfeld,Female,Africa,iOS,26
567,Gwynne Munson,Female,North America,android,7
568,Waverly Ingold,Male,Asia,android,83
569,Thorin Szymoni,Male,Asia,android,35
570,Gamaliel Guys,Male,Oceania,android,85
571,Eliot Niesel,Male,Africa,iOS,17
572,Kary Causer,Female,South America,android,36
573,Clementius Parnall,Male,Africa,android,100
574,Ethelbert Cannop,Male,North America,android,96
575,Margarethe Lyons,Female,Africa,iOS,52
576,Rosaline MacGuffie,Female,South America,iOS,68
577,Araldo Gentile,Male,Africa,android,78
578,Jorge Fullstone,Male,Oceania,iOS,66
579,Tedie Grinov,Male,Europe,android,36
580,Stormy Morgans,Female,Oceania,android,51
581,Tasha Carff,Female,Africa,android,81
582,Nata Wadman,Female,Europe,android,66
583,Courtnay Kingescot,Female,Asia,android,52
584,Nonie Zanuciolii,Female,Central America,iOS,91
585,Ervin Crewes,Male,Caribbean,android,60
586,Schuyler Nudd,Male,Caribbean,android,44
587,Baron Lorens,Male,Caribbean,android,16
588,Nana Corroyer,Female,Europe,android,70
589,Delainey McCrossan,Male,Europe,android,64
590,Giraldo Grosvenor,Male,Asia,android,91
591,Lydon Hakeworth,Male,South America,android,8
592,Pete Stern,Male,Caribbean,iOS,31
593,Darcy Keyme,Female,Oceania,android,83
594,Mohandas Ridulfo,Male,South America,iOS,68
595,Talia Beachamp,Female,Caribbean,iOS,45
596,Budd Fussen,Male,South America,android,4
597,Thia McGlue,Female,Europe,android,25
598,Jay Howick,Male,Caribbean,iOS,31
599,Roderic Grinishin,Male,South America,iOS,38
600,Colleen Rennolds,Female,Central America,android,98
601,Alyssa Watford,Female,Asia,android,84
602,Camey Alton,Male,North America,android,32
603,Bartel Roller,Male,Asia,iOS,73
604,Ginny Tolomelli,Female,Oceania,android,12
605,Loreen Musso,Female,Central America,android,12
606,Chrystel Ovid,Female,Central America,android,39
607,Katherine Ellerbeck,Female,Africa,iOS,88
608,Barth Eckly,Male,Africa,iOS,96
609,Christian Warrener,Male,Asia,iOS,1
610,Brenn O'Fihily,Female,Central America,android,37
611,Carter Wildblood,Male,Central America,android,57
612,Krystal Ramstead,Female,Europe,iOS,12
613,Fergus Lorenzo,Male,Oceania,android,92
614,Rosaleen Cooke,Female,Asia,android,19
615,Bernita Baddeley,Female,North America,android,53
616,Andra Gatcliff,Female,Caribbean,android,18
617,Teodorico Collingworth,Male,Europe,android,88
618,Elias Floweth,Male,Africa,android,77
619,Felice Doerr,Female,Africa,android,65
620,Lindsay Buer,Female,Europe,iOS,28
621,Rodi Petraitis,Female,Europe,android,31
622,Aguistin Fosken,Male,North America,iOS,82
623,Griselda Paull,Female,Caribbean,android,5
624,Ronica Clinkard,Female,Africa,android,12
625,Marthena McIlmorie,Female,Oceania,android,85
626,Ricki Robun,Male,Africa,android,66
627,Andrey Cramp,Male,South America,iOS,65
628,Wilburt Boobyer,Male,Africa,android,13
629,Vinson Denholm,Male,Asia,android,34
630,Nona Jozsef,Female,Europe,android,78
631,Tillie De Simoni,Female,Asia,android,32
632,Jermayne Hammerton,Male,South America,android,79
633,Charil Brixey,Female,Africa,android,50
634,Vinny Danilishin,Female,South America,android,31
635,Carin Mingus,Female,Oceania,android,69
636,Brandise Odlin,Female,Asia,android,75
637,Edgard Fanning,Male,Africa,android,10
638,Gigi Linsey,Female,North America,iOS,51
639,Teodorico Clayworth,Male,Europe,iOS,23
640,Livvyy Dankersley,Female,South America,iOS,32
641,Brynn Sall,Female,Central America,android,10
642,Lothario Rapson,Male,Asia,iOS,74
643,Willey Annion,Male,South America,iOS,65
644,Payton Neil,Male,Asia,iOS,11
645,Kelbee Thrustle,Male,Caribbean,android,15
646,Giordano Fandrey,Male,South America,android,14
647,Ivy Kobu,Female,Oceania,android,48
648,Fey MacFadzean,Female,Oceania,iOS,83
649,Betteanne Maron,Female,Africa,iOS,14
650,Lukas Kalf,Male,South America,iOS,47
651,Cinderella Wheelan,Female,North America,android,55
652,Austen Blenkinsopp,Male,Africa,iOS,43
653,Sammie Onn,Male,South America,android,92
654,Norine Cristoferi,Female,North America,android,80
655,Brigg Dell Casa,Male,Caribbean,android,95
656,Smitty Rewan,Male,Asia,android,42
657,Osmond Coushe,Male,Central America,iOS,31
658,Simonette Crauford,Female,North America,iOS,24
659,Joy Mattersey,Female,Central America,iOS,17
660,Carie Fomichyov,Female,Africa,android,80
661,Whittaker Lemerle,Male,Africa,iOS,40
662,Kassia Brauns,Female,Asia,iOS,55
663,Leta Godwyn,Female,Oceania,android,69
664,Rufus Pleass,Male,Europe,android,82
665,Hillel Mc Gaughey,Male,Caribbean,iOS,51
666,Madison Curson,Male,South America,android,84
667,Jamil Aleksich,Male,Asia,iOS,80
668,Charis Rigler,Female,South America,iOS,94
669,Kiah Lanphier,Female,Europe,android,15
670,Langston Gladwell,Male,North America,iOS,49
671,Ashly Aseef,Female,Central America,android,7
672,Mariette Di Francesco,Female,Caribbean,android,41
673,Chuck Humes,Male,North America,iOS,84
674,Rhody Lippitt,Female,Central America,android,26
675,Jameson Liggett,Male,South America,iOS,42
676,Serena Breawood,Female,South America,iOS,3
677,Markus Houldcroft,Male,Central America,android,73
678,Arda Gill,Female,Caribbean,android,98
679,Mervin Cable,Male,South America,iOS,71
680,Brandise Baswall,Female,Caribbean,android,99
681,Shayne Briskey,Female,South America,iOS,93
682,Myrah Tolan,Female,Africa,android,15
683,Clarette Ferronier,Female,Oceania,iOS,2
684,Morry Schreurs,Male,Europe,android,100
685,Herrick Harnor,Male,North America,iOS,88
686,Rasla Selwyn,Female,Asia,android,13
687,Rayner Gascard,Male,Europe,android,31
688,Elwira Watt,Female,Oceania,iOS,36
689,Hesther Flemmich,Female,North America,android,82
690,Ron Saggs,Male,Central America,android,79
691,Trumann Peace,Male,South America,iOS,9
692,Annelise Calan,Female,Africa,android,8
693,Ring Orr,Male,Europe,iOS,39
694,Basile Ruprich,Male,Africa,android,53
695,Alejandrina Meyer,Female,Oceania,android,90
696,Kelli Godbolt,Female,Caribbean,android,59
697,Lonee Matczak,Female,Oceania,iOS,40
698,Garrik Petr,Male,South America,iOS,5
699,Rozelle Clow,Female,Asia,iOS,22
700,Kain Perrin,Male,Africa,android,47
701,Colly Antonetti,Female,Europe,android,36
702,Karia Caller,Female,Central America,iOS,80
703,Harwilll Riccard,Male,Oceania,iOS,69
704,Hayley Sighart,Female,Central America,iOS,60
705,Auroora Tidd,Female,Oceania,android,20
706,Koren Whatford,Female,Africa,iOS,72
707,Glynn Harrow,Male,Europe,android,55
708,Loella McGirl,Female,North America,android,6
709,Spense Tabbernor,Male,Africa,android,49
710,Deirdre Spraggon,Female,Asia,android,87
711,Milka Cheater,Female,Europe,iOS,95
712,Domenic Allsopp,Male,North America,android,92
713,Kippar Trusler,Male,Oceania,android,43
714,Morley Haglinton,Male,Africa,android,34
715,Cullan Vasyutichev,Male,Oceania,iOS,95
716,Augy Bouldon,Male,Central America,iOS,66
717,Emylee Kondrachenko,Female,South America,android,34
718,Gwendolin Corten,Female,Oceania,iOS,95
719,Marita Emanson,Female,Africa,android,58
720,Faulkner Bysshe,Male,Asia,iOS,11
721,Clevie Neville,Male,South America,android,29
722,Donny Reinhardt,Male,North America,iOS,89
723,Fitzgerald Brothwell,Male,Asia,iOS,88
724,Fidelity Malins,Female,Oceania,android,58
725,Charles Broadwell,Male,Central America,iOS,76
726,Dwight Lindsell,Male,Caribbean,android,27
727,Flora Mapples,Female,North America,iOS,42
728,Sandra Sutherley,Female,Asia,iOS,11
729,Holly D'Oyly,Male,Central America,android,20
730,Price Szimon,Male,North America,android,78
731,Rooney Ungerechts,Male,Africa,iOS,63
732,Olag Kitley,Male,Europe,iOS,3
733,Fionna Atger,Female,North America,iOS,46
734,Son Childes,Male,Africa,android,18
735,Laurens Purrington,Male,Asia,iOS,36
736,Isiahi Abelwhite,Male,North America,android,83
737,Seward Stollery,Male,Asia,iOS,94
738,Nessy Coughlan,Female,Africa,android,51
739,Abner Seydlitz,Male,Africa,android,5
740,Starlin Parkhouse,Female,North America,iOS,59
741,Aylmer Yanukhin,Male,North America,iOS,20
742,Priscella Learmouth,Female,Caribbean,iOS,7
743,Rodolph Screase,Male,Africa,iOS,81
744,Indira Wileman,Female,South America,android,41
745,Christina Kenafaque,Female,North America,android,4
746,Brandyn Pilbury,Male,Caribbean,android,31
747,Tobin Peyntue,Male,Oceania,android,5
748,Edin O'Hengerty,Female,Europe,iOS,31
749,Ina Rosenberg,Female,Europe,android,18
750,Rebecca Harlick,Female,South America,android,99
751,Adelind Tett,Female,North America,iOS,18
752,Cullie Jacop,Male,Asia,android,34
753,Jaine Brigginshaw,Female,Asia,iOS,83
754,Xerxes Ambrodi,Male,Africa,iOS,86
755,Dill Amyes,Male,South America,android,34
756,Hersch Clow,Male,Caribbean,android,40
757,Gonzales Sillitoe,Male,Central America,android,71
758,Ardra Cumes,Female,Caribbean,iOS,47
759,Stan Puleston,Male,North America,iOS,11
760,Bealle Bradnick,Male,South America,iOS,52
761,Seymour Storah,Male,North America,iOS,79
762,Gearard Kubis,Male,South America,android,73
763,Jerad Chapellow,Male,Europe,android,100
764,Ximenez McPhaden,Male,Africa,android,6
765,Lemmie Moncur,Male,Caribbean,iOS,16
766,Godard Mewhirter,Male,Oceania,iOS,62
767,Norry Barthelmes,Male,South America,iOS,68
768,Boycie Kenworthey,Male,Central America,android,21
769,Silvan Dominguez,Male,Oceania,iOS,2
770,Orel Avrashin,Female,Oceania,android,95
771,Katrine Thebeau,Female,Caribbean,iOS,74
772,Vinson Howles,Male,Central America,iOS,75
773,Henderson Bubbins,Male,Caribbean,android,81
774,Gabrila Nanni,Female,Europe,android,69
775,Waite Laffoley-Lane,Male,Africa,iOS,93
776,Lilias Warrington,Female,Oceania,iOS,61
777,Alessandro Silvermann,Male,Caribbean,iOS,51
778,Antonius Bissex,Male,Asia,iOS,35
779,Celene Tullett,Female,Africa,android,49
780,Genovera Ligertwood,Female,North America,android,19
781,Sharona Allewell,Female,Europe,android,41
782,Che Rames,Male,Europe,iOS,78
783,Barney Salvatore,Male,South America,android,71
784,Gertruda Duhig,Female,Caribbean,android,75
785,Dev Roxbrough,Male,Europe,android,22
786,Lilyan Robiou,Female,Asia,android,23
787,Dal Besnard,Male,South America,android,48
788,Thaine Dryburgh,Male,Oceania,iOS,10
789,Margery Nowell,Female,North America,iOS,66
790,Cash Benedick,Male,Central America,android,54
791,Bartlet Bouchier,Male,Africa,android,62
792,Daniella Mintrim,Female,Europe,iOS,91
793,Diane Ditter,Female,Oceania,iOS,62
794,Farrell Donlon,Male,Europe,iOS,45
795,Donia Petasch,Female,Central America,android,83
796,Andre Kirkbright,Male,Africa,iOS,21
797,Donalt Drance,Male,South America,android,55
798,Alain Klimochkin,Male,Caribbean,android,90
799,Chantalle Tommis,Female,Oceania,android,37
800,Thatcher McCosh,Male,Europe,iOS,23
801,Lorry Howler,Female,South America,android,15
802,Raine Athersmith,Female,Africa,android,1
803,Patrizia Loosmore,Female,Oceania,android,94
804,Mischa Fonzone,Male,Africa,iOS,25
805,Ives Twitchings,Male,North America,iOS,96
806,Gabbi Vardon,Female,North America,iOS,31
807,Griffie Iannello,Male,Europe,android,85
808,Bertram Tear,Male,Asia,android,4
809,Kristal Cleft,Female,Asia,android,60
810,Ferris Mulvagh,Male,Asia,android,32
811,Haydon Dyte,Male,Asia,iOS,44
812,Nickolaus Byas,Male,North America,android,100
813,Huberto Comazzo,Male,North America,android,41
814,Eugenie Pixton,Female,Oceania,android,87
815,Tine Leghorn,Female,South America,android,63
816,Ev Craydon,Male,Caribbean,android,69
817,Lezley Jaukovic,Male,Asia,android,35
818,Connor Cazalet,Male,Oceania,android,18
819,Rickie Razzell,Female,Caribbean,iOS,15
820,Emilio Petofi,Male,Caribbean,android,45
821,Coletta Devigne,Female,North America,android,58
822,Neda Marder,Female,Africa,android,34
823,Brig Muneely,Male,Africa,iOS,87
824,Cathie De Cruce,Female,Asia,iOS,10
825,Kyla Diglin,Female,Europe,android,91
826,Charisse Avison,Female,Asia,iOS,57
827,Nathan Gatward,Male,Asia,android,60
828,Darius Rival,Male,South America,iOS,34
829,Koral Duckerin,Female,Asia,iOS,10
830,Lilla Coop,Female,Europe,android,62
831,Evangeline Handlin,Female,Caribbean,android,89
832,Myrwyn Currm,Male,South America,android,28
833,Dodie Morrice,Female,Europe,iOS,22
834,Beniamino Evenett,Male,Central America,android,14
835,Sonni Strauss,Female,Asia,android,61
836,Billye Kettoe,Female,Africa,android,64
837,Lyn Brocklebank,Male,North America,android,70
838,Benita Sturror,Female,Asia,iOS,9
839,Hillier Faier,Male,Africa,android,16
840,Yevette Jobson,Female,Oceania,android,44
841,Thorpe Steffans,Male,Oceania,iOS,33
842,Gaultiero Oscroft,Male,North America,android,10
843,Cass McRitchie,Male,Europe,android,26
844,Husein Karpushkin,Male,Oceania,iOS,73
845,Phillida Bull,Female,Caribbean,android,58
846,Leone Hutchinges,Female,South America,android,59
847,Rhys Frigout,Male,Caribbean,iOS,79
848,Ugo Landeaux,Male,Oceania,iOS,98
849,Fernando Lidgely,Male,Asia,iOS,14
850,Burty Harverson,Male,Oceania,android,70
851,Chrissie Caseborne,Female,Caribbean,android,14
852,Kevina Bradock,Female,North America,android,75
853,Charlotta Cruickshanks,Female,North America,android,86
854,Cristian Bodechon,Male,North America,android,96
855,Alane Skey,Female,Caribbean,android,47
856,Connie Harlin,Female,Europe,android,28
857,Haroun Rishbrook,Male,Central America,iOS,60
858,Launce Birkin,Male,Caribbean,android,73
859,Romain MacDonogh,Male,North America,iOS,100
860,Karlens Brophy,Male,South America,android,85
861,Madalyn Larrington,Female,Europe,iOS,83
862,Vera Hallgate,Female,Asia,android,67
863,Reggy Brenneke,Male,Africa,iOS,55
864,Verena Philipsohn,Female,North America,android,87
865,Eduard Nelthropp,Male,Caribbean,android,76
866,Bendicty McCullouch,Male,Oceania,iOS,76
867,Karon Cavaney,Female,North America,android,59
868,Brendon Barensky,Male,Caribbean,android,70
869,Audy Mitchely,Female,Oceania,iOS,74
870,Edmon Rugiero,Male,Caribbean,iOS,44
871,Wilhelmina Tipens,Female,Caribbean,iOS,81
872,Fawne Skacel,Female,South America,iOS,70
873,Barbe Flather,Female,Europe,iOS,95
874,Cornall Battye,Male,Central America,iOS,10
875,Inglebert Oliva,Male,Oceania,android,14
876,Kimbra Digger,Female,Central America,iOS,4
877,Elisha Yeskov,Female,North America,iOS,13
878,Iseabal Coard,Female,Europe,iOS,96
879,Randie Macauley,Male,Asia,iOS,10
880,Velma Axleby,Female,Central America,android,12
881,Ronald Fortune,Male,Africa,android,79
882,Clem Corby,Male,Caribbean,iOS,63
883,Brian Daykin,Male,Europe,android,17
884,Winne Rockell,Female,Caribbean,android,49
885,Theresita Dessaur,Female,North America,android,23
886,Vasilis Garside,Male,Caribbean,iOS,73
887,Malvin Gard,Male,Caribbean,iOS,77
888,Padget Cruz,Male,Asia,iOS,48
889,Esta Ebbage,Female,Asia,iOS,49
890,Charmaine Mitchell,Female,Europe,android,10
891,Sashenka Farmar,Female,Oceania,iOS,15
892,Yorke Sheivels,Male,South America,iOS,31
893,Bastian Southway,Male,Europe,iOS,40
894,Emmet Woodruff,Male,Europe,iOS,61
895,Ring Morey,Male,Caribbean,iOS,9
896,Marlee Langfield,Female,Oceania,android,99
897,Tully Blodgett,Male,Asia,iOS,11
898,Erroll Gurton,Male,Asia,iOS,58
899,Wolf Castleman,Male,South America,iOS,20
900,Melinde Nelsen,Female,Africa,android,76
901,Kai Bortolini,Female,North America,iOS,4
902,Timotheus Hanlin,Male,Oceania,android,33
903,Yale Ivanaev,Male,Central America,android,11
904,Emalia MacKeeg,Female,Asia,iOS,3
905,Nichol Learmont,Female,Central America,iOS,64
906,Valentijn Pincked,Male,North America,android,94
907,Odessa Duck,Female,Africa,iOS,44
908,Hussein Clute,Male,Asia,android,48
909,Fee Willeson,Male,Caribbean,iOS,38
910,Emogene Abraham,Female,Caribbean,iOS,66
911,Ethelred Crenage,Male,Europe,android,14
912,Daveta Sweet,Female,Africa,android,38
913,Derward Kestin,Male,Oceania,android,88
914,Leonerd Comben,Male,Asia,android,59
915,Katina Passby,Female,North America,iOS,67
916,Lenette Dobby,Female,Oceania,iOS,79
917,Phyllis Mather,Female,Asia,iOS,99
918,Clevey Langworthy,Male,Asia,android,84
919,Heath Andrew,Female,South America,android,99
920,Gallagher Parkhouse,Male,Europe,iOS,99
921,Granny Genike,Male,Asia,android,39
922,Sher Livett,Female,Africa,iOS,42
923,Andriette Stokell,Female,Oceania,android,67
924,Sara-ann Vaen,Female,Europe,iOS,82
925,Jeremy Pigny,Male,Europe,iOS,11
926,Stormi Houlridge,Female,Africa,iOS,32
927,Nevil Dupree,Male,Asia,iOS,98
928,Jacqueline Sewards,Female,Caribbean,android,33
929,Sullivan Hoogendorp,Male,Oceania,android,75
930,Melisse Brough,Female,Oceania,iOS,83
931,Marika Domange,Female,Africa,android,44
932,Katalin Disney,Female,North America,android,35
933,Dar Lehemann,Male,North America,android,72
934,Everard Oxherd,Male,North America,android,58
935,Ferd Chinge de Hals,Male,Europe,iOS,80
936,Wang Rivelon,Male,Africa,android,12
937,Scottie Cosans,Male,Asia,android,92
938,Jobi Dawney,Female,Africa,android,36
939,Shalom Symondson,Male,Caribbean,iOS,69
940,Alvan Abeles,Male,North America,android,44
941,Byrle Strathern,Male,Africa,iOS,38
942,Toby Killen,Female,Asia,android,17
943,Stephenie Ferronet,Female,Europe,iOS,75
944,Granthem Samsworth,Male,Africa,iOS,43
945,Gerrie Daniel,Male,Caribbean,android,92
946,Cosme Pulfer,Male,Europe,android,62
947,Cherrita Petrina,Female,South America,iOS,97
948,Sheelah Bendix,Female,Central America,iOS,59
949,Silvanus Fountian,Male,North America,iOS,2
950,Wallis Giddins,Female,Africa,iOS,39
951,Drake Tollerton,Male,Asia,android,41
952,Eleni Hendrichs,Female,South America,iOS,42
953,Clare Domeny,Female,North America,iOS,99
954,Sherman Poore,Male,Central America,iOS,97
955,Hana Squibe,Female,Oceania,android,18
956,Koralle Kyteley,Female,Europe,android,6
957,Lacey Sherrington,Female,South America,iOS,79
958,Gino Shyres,Male,Caribbean,android,99
959,Faulkner Brecknock,Male,Asia,iOS,32
960,Chase Waren,Male,Caribbean,android,15
961,Miguel Vick,Male,Central America,iOS,37
962,Roxane McCaster,Female,Caribbean,android,32
963,Kipper Sapsed,Male,Caribbean,android,87
964,Carita Ick,Female,Africa,iOS,79
965,Dru Regis,Male,North America,android,5
966,Toddie Meaking,Male,Central America,iOS,32
967,Arin Crim,Male,North America,iOS,37
968,Kale Gillings,Male,Central America,iOS,80
969,Rob Kamiyama,Male,Caribbean,android,78
970,Leann Baldwin,Female,Central America,iOS,58
971,Harmonia McKeran,Female,Central America,android,79
972,Jayne Harlin,Female,Central America,android,33
973,Donaugh Hucke,Male,Europe,android,92
974,Joshia Redd,Male,Asia,android,15
975,Barty Pauley,Male,South America,iOS,92
976,Jaimie Breckenridge,Male,Asia,iOS,92
977,Brockie Marsden,Male,Central America,iOS,83
978,Sylvester Driffill,Male,Africa,android,60
979,Bryn De Stoop,Female,Africa,iOS,24
980,Ondrea Farrand,Female,Africa,android,41
981,Dex Foulis,Male,Asia,iOS,44
982,Alessandro Crosoer,Male,Oceania,iOS,77
983,Monica Gallear,Female,Europe,iOS,85
984,Elysee Lenormand,Female,Europe,iOS,83
985,Robinson Linskey,Male,Europe,android,54
986,Pryce Hanbury-Brown,Male,Caribbean,iOS,4
987,Darci Ralton,Female,Asia,android,27
988,Tedmund Shenton,Male,Europe,iOS,50
989,Alvin Botting,Male,North America,android,61
990,Kerstin Treagus,Female,Asia,iOS,79
991,Alanna Muller,Female,North America,android,44
992,Bernarr Ickovici,Male,Asia,iOS,57
993,Kelley Littlecote,Male,Asia,android,88
994,Adelaide Wims,Female,Africa,iOS,95
995,Orland Foyston,Male,North America,android,8
996,Chrysa Full,Female,Africa,iOS,50
997,Dorolisa Crooks,Female,Europe,iOS,96
998,Deane Bellchamber,Male,North America,android,45
999,Kaitlyn Stiling,Female,Central America,android,50
1000,Washington Krauss,Male,Caribbean,iOS,84
